OA11CD,PAR11CD,PAR11NM,PAR11NMW,SMPOPIND,LAD11CD,LAD11NM,LAD11NMW,ObjectId
E00102323,E04003195,Bishopsteignton,,0,E07000045,Teignbridge,,99601
E00102324,E04003195,Bishopsteignton,,0,E07000045,Teignbridge,,99602
E00102325,E04003195,Bishopsteignton,,0,E07000045,Teignbridge,,99603
E00102326,E04003195,Bishopsteignton,,0,E07000045,Teignbridge,,99604
E00102327,E04003195,Bishopsteignton,,0,E07000045,Teignbridge,,99605
E00102328,E04003195,Bishopsteignton,,0,E07000045,Teignbridge,,99606
E00102329,E04003195,Bishopsteignton,,0,E07000045,Teignbridge,,99607
E00102330,E04003196,Bovey Tracey,,0,E07000045,Teignbridge,,99608
E00102331,E04003196,Bovey Tracey,,0,E07000045,Teignbridge,,99609
E00102332,E04003196,Bovey Tracey,,0,E07000045,Teignbridge,,99610
E00102333,E04003196,Bovey Tracey,,0,E07000045,Teignbridge,,99611
E00102334,E04003196,Bovey Tracey,,0,E07000045,Teignbridge,,99612
E00102335,E04003196,Bovey Tracey,,0,E07000045,Teignbridge,,99613
E00102336,E04003196,Bovey Tracey,,0,E07000045,Teignbridge,,99614
E00102337,E04003196,Bovey Tracey,,0,E07000045,Teignbridge,,99615
E00102338,E04003196,Bovey Tracey,,0,E07000045,Teignbridge,,99616
E00102339,E04003196,Bovey Tracey,,0,E07000045,Teignbridge,,99617
E00102340,E04003196,Bovey Tracey,,0,E07000045,Teignbridge,,99618
E00102341,E04003196,Bovey Tracey,,0,E07000045,Teignbridge,,99619
E00102342,E04003196,Bovey Tracey,,0,E07000045,Teignbridge,,99620
E00102343,E04003196,Bovey Tracey,,0,E07000045,Teignbridge,,99621
E00102344,E04003196,Bovey Tracey,,0,E07000045,Teignbridge,,99622
E00102345,E04003196,Bovey Tracey,,0,E07000045,Teignbridge,,99623
E00102346,E04003196,Bovey Tracey,,0,E07000045,Teignbridge,,99624
E00102574,E04003219,Kingsteignton,,0,E07000045,Teignbridge,,99625
E00102475,E04003204,Dawlish,,0,E07000045,Teignbridge,,99626
E00102347,E04003196,Bovey Tracey,,0,E07000045,Teignbridge,,99627
E00102348,E04003196,Bovey Tracey,,0,E07000045,Teignbridge,,99628
E00102349,E04003196,Bovey Tracey,,0,E07000045,Teignbridge,,99629
E00102350,E04003196,Bovey Tracey,,0,E07000045,Teignbridge,,99630
E00102351,E04003196,Bovey Tracey,,0,E07000045,Teignbridge,,99631
E00102352,E04003196,Bovey Tracey,,0,E07000045,Teignbridge,,99632
E00102353,E04003196,Bovey Tracey,,0,E07000045,Teignbridge,,99633
E00102354,E04003220,Lustleigh,,0,E07000045,Teignbridge,,99634
E00102355,E04003220,Lustleigh,,0,E07000045,Teignbridge,,99635
E00102356,E04012122,Newton Abbot,,0,E07000045,Teignbridge,,99636
E00102357,E04012122,Newton Abbot,,0,E07000045,Teignbridge,,99637
E00102358,E04012122,Newton Abbot,,0,E07000045,Teignbridge,,99638
E00102359,E04012122,Newton Abbot,,0,E07000045,Teignbridge,,99639
E00102360,E04012122,Newton Abbot,,0,E07000045,Teignbridge,,99640
E00102361,E04012122,Newton Abbot,,0,E07000045,Teignbridge,,99641
E00102362,E04012122,Newton Abbot,,0,E07000045,Teignbridge,,99642
E00102525,E04003208,Exminster,,0,E07000045,Teignbridge,,99643
E00102363,E04012122,Newton Abbot,,0,E07000045,Teignbridge,,99644
E00102364,E04012122,Newton Abbot,,0,E07000045,Teignbridge,,99645
E00102365,E04012122,Newton Abbot,,0,E07000045,Teignbridge,,99646
E00102366,E04012122,Newton Abbot,,0,E07000045,Teignbridge,,99647
E00102367,E04012122,Newton Abbot,,0,E07000045,Teignbridge,,99648
E00102368,E04012122,Newton Abbot,,0,E07000045,Teignbridge,,99649
E00102369,E04012122,Newton Abbot,,0,E07000045,Teignbridge,,99650
E00102370,E04012122,Newton Abbot,,0,E07000045,Teignbridge,,99651
E00102371,E04012122,Newton Abbot,,0,E07000045,Teignbridge,,99652
E00102372,E04012122,Newton Abbot,,0,E07000045,Teignbridge,,99653
E00102373,E04003209,Haccombe with Combe,,0,E07000045,Teignbridge,,99654
E00102476,E04003204,Dawlish,,0,E07000045,Teignbridge,,99656
E00102526,E04003208,Exminster,,0,E07000045,Teignbridge,,99657
E00102477,E04003204,Dawlish,,0,E07000045,Teignbridge,,99658
E00102575,E04003219,Kingsteignton,,0,E07000045,Teignbridge,,99659
E00102374,E04012122,Newton Abbot,,0,E07000045,Teignbridge,,99661
E00102527,E04003212,Ide,,0,E07000045,Teignbridge,,99662
E00102478,E04003204,Dawlish,,0,E07000045,Teignbridge,,99663
E00102576,E04003219,Kingsteignton,,0,E07000045,Teignbridge,,99664
E00102375,E04012122,Newton Abbot,,0,E07000045,Teignbridge,,99666
E00102528,E04003212,Ide,,0,E07000045,Teignbridge,,99667
E00102479,E04003204,Dawlish,,0,E07000045,Teignbridge,,99668
E00102577,E04003219,Kingsteignton,,0,E07000045,Teignbridge,,99669
E00102376,E04012122,Newton Abbot,,0,E07000045,Teignbridge,,99671
E00102529,E04003216,Kenn,,0,E07000045,Teignbridge,,99672
E00102480,E04003204,Dawlish,,0,E07000045,Teignbridge,,99673
E00102578,E04003219,Kingsteignton,,0,E07000045,Teignbridge,,99674
E00102377,E04012122,Newton Abbot,,0,E07000045,Teignbridge,,99676
E00102530,E04003216,Kenn,,0,E07000045,Teignbridge,,99677
E00102481,E04003204,Dawlish,,0,E07000045,Teignbridge,,99678
E00102579,E04003219,Kingsteignton,,0,E07000045,Teignbridge,,99679
E00102278,E04012121,Abbotskerswell,,0,E07000045,Teignbridge,,99680
E00102378,E04012122,Newton Abbot,,0,E07000045,Teignbridge,,99681
E00102531,E04003216,Kenn,,0,E07000045,Teignbridge,,99682
E00102482,E04003204,Dawlish,,0,E07000045,Teignbridge,,99683
E00102580,E04003219,Kingsteignton,,0,E07000045,Teignbridge,,99684
E00102424,E04003202,Chudleigh,,0,E07000045,Teignbridge,,99686
E00102279,E04012121,Abbotskerswell,,0,E07000045,Teignbridge,,99687
E00102280,E04012121,Abbotskerswell,,0,E07000045,Teignbridge,,99688
E00102281,E04012121,Abbotskerswell,,0,E07000045,Teignbridge,,99689
E00102282,E04012121,Abbotskerswell,,0,E07000045,Teignbridge,,99690
E00102283,E04003198,Broadhempston,,0,E07000045,Teignbridge,,99691
E00102284,E04003198,Broadhempston,,0,E07000045,Teignbridge,,99692
E00102285,E04003226,Ogwell,,0,E07000045,Teignbridge,,99693
E00102286,E04003226,Ogwell,,0,E07000045,Teignbridge,,99694
E00102288,E04003226,Ogwell,,0,E07000045,Teignbridge,,99695
E00102289,E04003226,Ogwell,,0,E07000045,Teignbridge,,99696
E00102290,E04003226,Ogwell,,0,E07000045,Teignbridge,,99697
E00102291,E04003226,Ogwell,,0,E07000045,Teignbridge,,99698
E00102292,E04003235,Denbury and Torbryan,,0,E07000045,Teignbridge,,99699
E00102293,E04003235,Denbury and Torbryan,,0,E07000045,Teignbridge,,99700
E00102294,E04003235,Denbury and Torbryan,,0,E07000045,Teignbridge,,99701
E00102295,E04003239,Woodland,,0,E07000045,Teignbridge,,99702
E00102296,E04003191,Ashburton,,0,E07000045,Teignbridge,,99703
E00102297,E04003191,Ashburton,,0,E07000045,Teignbridge,,99704
E00102298,E04003191,Ashburton,,0,E07000045,Teignbridge,,99705
E00102299,E04003191,Ashburton,,0,E07000045,Teignbridge,,99706
E00102299,E04003200,Buckland in the Moor,,1,E07000045,Teignbridge,,99707
E00102300,E04003191,Ashburton,,0,E07000045,Teignbridge,,99708
E00102301,E04003191,Ashburton,,0,E07000045,Teignbridge,,99709
E00102302,E04003191,Ashburton,,0,E07000045,Teignbridge,,99710
E00102303,E04003191,Ashburton,,0,E07000045,Teignbridge,,99711
E00102304,E04003191,Ashburton,,0,E07000045,Teignbridge,,99712
E00102305,E04003191,Ashburton,,0,E07000045,Teignbridge,,99713
E00102306,E04003191,Ashburton,,0,E07000045,Teignbridge,,99714
E00102307,E04003191,Ashburton,,0,E07000045,Teignbridge,,99715
E00102308,E04003191,Ashburton,,0,E07000045,Teignbridge,,99716
E00102309,E04003199,Buckfastleigh,,0,E07000045,Teignbridge,,99717
E00102310,E04003199,Buckfastleigh,,0,E07000045,Teignbridge,,99718
E00102311,E04003199,Buckfastleigh,,0,E07000045,Teignbridge,,99719
E00102312,E04003199,Buckfastleigh,,0,E07000045,Teignbridge,,99720
E00102313,E04003199,Buckfastleigh,,0,E07000045,Teignbridge,,99721
E00102314,E04003199,Buckfastleigh,,0,E07000045,Teignbridge,,99722
E00102315,E04003199,Buckfastleigh,,0,E07000045,Teignbridge,,99723
E00102316,E04003199,Buckfastleigh,,0,E07000045,Teignbridge,,99724
E00102317,E04003199,Buckfastleigh,,0,E07000045,Teignbridge,,99725
E00102318,E04003199,Buckfastleigh,,0,E07000045,Teignbridge,,99726
E00102319,E04003199,Buckfastleigh,,0,E07000045,Teignbridge,,99727
E00102320,E04003199,Buckfastleigh,,0,E07000045,Teignbridge,,99728
E00102321,E04003195,Bishopsteignton,,0,E07000045,Teignbridge,,99729
E00102322,E04003195,Bishopsteignton,,0,E07000045,Teignbridge,,99730
E00102483,E04003204,Dawlish,,0,E07000045,Teignbridge,,99731
E00102532,E04003227,Powderham,,0,E07000045,Teignbridge,,99732
E00102581,E04003219,Kingsteignton,,0,E07000045,Teignbridge,,99733
E00102484,E04003204,Dawlish,,0,E07000045,Teignbridge,,99734
E00102533,E04003229,Shillingford St. George,,0,E07000045,Teignbridge,,99735
E00102582,E04003219,Kingsteignton,,0,E07000045,Teignbridge,,99736
E00102485,E04003204,Dawlish,,0,E07000045,Teignbridge,,99737
E00102534,E04003217,Kenton,,0,E07000045,Teignbridge,,99738
E00102583,E04003219,Kingsteignton,,0,E07000045,Teignbridge,,99739
E00102379,E04012122,Newton Abbot,,0,E07000045,Teignbridge,,99740
E00102486,E04003204,Dawlish,,0,E07000045,Teignbridge,,99741
E00102535,E04003217,Kenton,,0,E07000045,Teignbridge,,99742
E00102584,E04003219,Kingsteignton,,0,E07000045,Teignbridge,,99743
E00102380,E04012122,Newton Abbot,,0,E07000045,Teignbridge,,99744
E00102585,E04003219,Kingsteignton,,0,E07000045,Teignbridge,,99745
E00102536,E04003217,Kenton,,0,E07000045,Teignbridge,,99746
E00102381,E04012122,Newton Abbot,,0,E07000045,Teignbridge,,99747
E00102487,E04003204,Dawlish,,0,E07000045,Teignbridge,,99748
E00102586,E04003219,Kingsteignton,,0,E07000045,Teignbridge,,99749
E00102537,E04003217,Kenton,,0,E07000045,Teignbridge,,99750
E00102382,E04012122,Newton Abbot,,0,E07000045,Teignbridge,,99751
E00102488,E04003204,Dawlish,,0,E07000045,Teignbridge,,99752
E00102587,E04003219,Kingsteignton,,0,E07000045,Teignbridge,,99753
E00102538,E04003217,Kenton,,0,E07000045,Teignbridge,,99754
E00102383,E04012122,Newton Abbot,,0,E07000045,Teignbridge,,99755
E00102489,E04003204,Dawlish,,0,E07000045,Teignbridge,,99756
E00102589,E04003219,Kingsteignton,,0,E07000045,Teignbridge,,99757
E00102539,E04003192,Ashcombe,,0,E07000045,Teignbridge,,99758
E00102384,E04012122,Newton Abbot,,0,E07000045,Teignbridge,,99759
E00102490,E04003204,Dawlish,,0,E07000045,Teignbridge,,99760
E00102590,E04003219,Kingsteignton,,0,E07000045,Teignbridge,,99761
E00102539,E04003221,Mamhead,,1,E07000045,Teignbridge,,99762
E00102385,E04012122,Newton Abbot,,0,E07000045,Teignbridge,,99763
E00102491,E04003204,Dawlish,,0,E07000045,Teignbridge,,99764
E00102591,E04003219,Kingsteignton,,0,E07000045,Teignbridge,,99765
E00102540,E04003230,Starcross,,0,E07000045,Teignbridge,,99766
E00102386,E04012122,Newton Abbot,,0,E07000045,Teignbridge,,99767
E00102492,E04003204,Dawlish,,0,E07000045,Teignbridge,,99768
E00102592,E04003219,Kingsteignton,,0,E07000045,Teignbridge,,99769
E00102425,E04003202,Chudleigh,,0,E07000045,Teignbridge,,99770
E00102541,E04003230,Starcross,,0,E07000045,Teignbridge,,99772
E00102542,E04003230,Starcross,,0,E07000045,Teignbridge,,99773
E00102543,E04003230,Starcross,,0,E07000045,Teignbridge,,99774
E00102544,E04003230,Starcross,,0,E07000045,Teignbridge,,99775
E00102545,E04003230,Starcross,,0,E07000045,Teignbridge,,99776
E00102546,E04003203,Coffinswell,,0,E07000045,Teignbridge,,99777
E00102547,E04003209,Haccombe with Combe,,0,E07000045,Teignbridge,,99778
E00102548,E04003209,Haccombe with Combe,,0,E07000045,Teignbridge,,99779
E00102549,E04003218,Kingskerswell,,0,E07000045,Teignbridge,,99780
E00102550,E04003218,Kingskerswell,,0,E07000045,Teignbridge,,99781
E00102551,E04003218,Kingskerswell,,0,E07000045,Teignbridge,,99782
E00102552,E04003218,Kingskerswell,,0,E07000045,Teignbridge,,99783
E00102553,E04003218,Kingskerswell,,0,E07000045,Teignbridge,,99784
E00102554,E04003218,Kingskerswell,,0,E07000045,Teignbridge,,99785
E00102555,E04003218,Kingskerswell,,0,E07000045,Teignbridge,,99786
E00102556,E04003218,Kingskerswell,,0,E07000045,Teignbridge,,99787
E00102557,E04003218,Kingskerswell,,0,E07000045,Teignbridge,,99788
E00102558,E04003218,Kingskerswell,,0,E07000045,Teignbridge,,99789
E00102559,E04003218,Kingskerswell,,0,E07000045,Teignbridge,,99790
E00102560,E04003218,Kingskerswell,,0,E07000045,Teignbridge,,99791
E00102561,E04003218,Kingskerswell,,0,E07000045,Teignbridge,,99792
E00102562,E04003218,Kingskerswell,,0,E07000045,Teignbridge,,99793
E00102563,E04003218,Kingskerswell,,0,E07000045,Teignbridge,,99794
E00102564,E04003218,Kingskerswell,,0,E07000045,Teignbridge,,99795
E00102565,E04003218,Kingskerswell,,0,E07000045,Teignbridge,,99796
E00102566,E04003213,Ideford,,0,E07000045,Teignbridge,,99797
E00102567,E04003219,Kingsteignton,,0,E07000045,Teignbridge,,99798
E00102568,E04003219,Kingsteignton,,0,E07000045,Teignbridge,,99799
E00102569,E04003219,Kingsteignton,,0,E07000045,Teignbridge,,99800
E00102570,E04003219,Kingsteignton,,0,E07000045,Teignbridge,,99801
E00102571,E04003219,Kingsteignton,,0,E07000045,Teignbridge,,99802
E00102572,E04003219,Kingsteignton,,0,E07000045,Teignbridge,,99803
E00102573,E04003219,Kingsteignton,,0,E07000045,Teignbridge,,99804
E00102493,E04003204,Dawlish,,0,E07000045,Teignbridge,,99805
E00102387,E04012122,Newton Abbot,,0,E07000045,Teignbridge,,99806
E00102494,E04003204,Dawlish,,0,E07000045,Teignbridge,,99807
E00102593,E04003219,Kingsteignton,,0,E07000045,Teignbridge,,99808
E00102388,E04012122,Newton Abbot,,0,E07000045,Teignbridge,,99809
E00102495,E04003204,Dawlish,,0,E07000045,Teignbridge,,99810
E00102594,E04003219,Kingsteignton,,0,E07000045,Teignbridge,,99811
E00102389,E04012122,Newton Abbot,,0,E07000045,Teignbridge,,99812
E00102496,E04003204,Dawlish,,0,E07000045,Teignbridge,,99813
E00102595,E04003219,Kingsteignton,,0,E07000045,Teignbridge,,99814
E00102390,E04012122,Newton Abbot,,0,E07000045,Teignbridge,,99815
E00102497,E04003204,Dawlish,,0,E07000045,Teignbridge,,99816
E00102596,E04003219,Kingsteignton,,0,E07000045,Teignbridge,,99817
E00102391,E04012122,Newton Abbot,,0,E07000045,Teignbridge,,99818
E00102498,E04003194,Bickington,,0,E07000045,Teignbridge,,99819
E00102597,E04003219,Kingsteignton,,0,E07000045,Teignbridge,,99820
E00102392,E04012122,Newton Abbot,,0,E07000045,Teignbridge,,99821
E00102499,E04003214,Ilsington,,0,E07000045,Teignbridge,,99822
E00102598,E04003219,Kingsteignton,,0,E07000045,Teignbridge,,99823
E00102393,E04012122,Newton Abbot,,0,E07000045,Teignbridge,,99824
E00102500,E04003214,Ilsington,,0,E07000045,Teignbridge,,99825
E00102599,E04003219,Kingsteignton,,0,E07000045,Teignbridge,,99826
E00102600,E04003219,Kingsteignton,,0,E07000045,Teignbridge,,99827
E00102601,E04003219,Kingsteignton,,0,E07000045,Teignbridge,,99828
E00102602,E04003219,Kingsteignton,,0,E07000045,Teignbridge,,99829
E00102603,E04003219,Kingsteignton,,0,E07000045,Teignbridge,,99830
E00102605,E04003222,Manaton,,0,E07000045,Teignbridge,,99831
E00102606,E04003223,Moretonhampstead,,0,E07000045,Teignbridge,,99832
E00102607,E04003223,Moretonhampstead,,0,E07000045,Teignbridge,,99833
E00102608,E04003223,Moretonhampstead,,0,E07000045,Teignbridge,,99834
E00102609,E04003223,Moretonhampstead,,0,E07000045,Teignbridge,,99835
E00102610,E04003223,Moretonhampstead,,0,E07000045,Teignbridge,,99836
E00102611,E04003225,North Bovey,,0,E07000045,Teignbridge,,99837
E00102612,E04003238,Widecombe in the Moor,,0,E07000045,Teignbridge,,99838
E00102613,E04003238,Widecombe in the Moor,,0,E07000045,Teignbridge,,99839
E00102614,E04003228,Shaldon,,0,E07000045,Teignbridge,,99840
E00102615,E04003228,Shaldon,,0,E07000045,Teignbridge,,99841
E00102616,E04003228,Shaldon,,0,E07000045,Teignbridge,,99842
E00102617,E04003228,Shaldon,,0,E07000045,Teignbridge,,99843
E00102618,E04003228,Shaldon,,0,E07000045,Teignbridge,,99844
E00102619,E04003228,Shaldon,,0,E07000045,Teignbridge,,99845
E00102620,E04003228,Shaldon,,0,E07000045,Teignbridge,,99846
E00102621,E04003231,Stokeinteignhead,,0,E07000045,Teignbridge,,99847
E00102622,E04003231,Stokeinteignhead,,0,E07000045,Teignbridge,,99848
E00102623,E04003211,Holcombe Burnell,,0,E07000045,Teignbridge,,99849
E00102624,E04003211,Holcombe Burnell,,0,E07000045,Teignbridge,,99850
E00102625,E04003232,Tedburn St. Mary,,0,E07000045,Teignbridge,,99851
E00102426,E04003202,Chudleigh,,0,E07000045,Teignbridge,,99853
E00102394,E04012122,Newton Abbot,,0,E07000045,Teignbridge,,99854
E00102501,E04003214,Ilsington,,0,E07000045,Teignbridge,,99855
E00102395,E04012122,Newton Abbot,,0,E07000045,Teignbridge,,99856
E00102502,E04003214,Ilsington,,0,E07000045,Teignbridge,,99857
E00102396,E04012122,Newton Abbot,,0,E07000045,Teignbridge,,99858
E00102503,E04003214,Ilsington,,0,E07000045,Teignbridge,,99859
E00102397,E04012122,Newton Abbot,,0,E07000045,Teignbridge,,99860
E00102504,E04003214,Ilsington,,0,E07000045,Teignbridge,,99861
E00102398,E04012122,Newton Abbot,,0,E07000045,Teignbridge,,99862
E00102505,E04003214,Ilsington,,0,E07000045,Teignbridge,,99863
E00102399,E04012122,Newton Abbot,,0,E07000045,Teignbridge,,99864
E00102506,E04003214,Ilsington,,0,E07000045,Teignbridge,,99865
E00102400,E04012122,Newton Abbot,,0,E07000045,Teignbridge,,99866
E00102507,E04003215,Ipplepen,,0,E07000045,Teignbridge,,99867
E00102401,E04012122,Newton Abbot,,0,E07000045,Teignbridge,,99868
E00102508,E04003215,Ipplepen,,0,E07000045,Teignbridge,,99869
E00102402,E04012122,Newton Abbot,,0,E07000045,Teignbridge,,99870
E00102509,E04003215,Ipplepen,,0,E07000045,Teignbridge,,99871
E00102403,E04012122,Newton Abbot,,0,E07000045,Teignbridge,,99872
E00102510,E04003215,Ipplepen,,0,E07000045,Teignbridge,,99873
E00102404,E04012122,Newton Abbot,,0,E07000045,Teignbridge,,99874
E00102511,E04003215,Ipplepen,,0,E07000045,Teignbridge,,99875
E00102405,E04012122,Newton Abbot,,0,E07000045,Teignbridge,,99876
E00102512,E04003215,Ipplepen,,0,E07000045,Teignbridge,,99877
E00102406,E04012122,Newton Abbot,,0,E07000045,Teignbridge,,99878
E00102513,E04003215,Ipplepen,,0,E07000045,Teignbridge,,99879
E00102407,E04012122,Newton Abbot,,0,E07000045,Teignbridge,,99880
E00102514,E04003215,Ipplepen,,0,E07000045,Teignbridge,,99881
E00102408,E04012122,Newton Abbot,,0,E07000045,Teignbridge,,99882
E00102409,E04012122,Newton Abbot,,0,E07000045,Teignbridge,,99883
E00102410,E04012122,Newton Abbot,,0,E07000045,Teignbridge,,99884
E00102411,E04012122,Newton Abbot,,0,E07000045,Teignbridge,,99885
E00102412,E04012122,Newton Abbot,,0,E07000045,Teignbridge,,99886
E00102413,E04012122,Newton Abbot,,0,E07000045,Teignbridge,,99887
E00102414,E04012122,Newton Abbot,,0,E07000045,Teignbridge,,99888
E00102415,E04012122,Newton Abbot,,0,E07000045,Teignbridge,,99889
E00102417,E04003202,Chudleigh,,0,E07000045,Teignbridge,,99890
E00102418,E04003202,Chudleigh,,0,E07000045,Teignbridge,,99891
E00102419,E04003202,Chudleigh,,0,E07000045,Teignbridge,,99892
E00102420,E04003202,Chudleigh,,0,E07000045,Teignbridge,,99893
E00102421,E04003202,Chudleigh,,0,E07000045,Teignbridge,,99894
E00102422,E04003202,Chudleigh,,0,E07000045,Teignbridge,,99895
E00102423,E04003202,Chudleigh,,0,E07000045,Teignbridge,,99896
E00102428,E04003202,Chudleigh,,0,E07000045,Teignbridge,,99897
E00102515,E04003206,Dunchideock,,0,E07000045,Teignbridge,,99899
E00102516,E04003208,Exminster,,0,E07000045,Teignbridge,,99900
E00102517,E04003208,Exminster,,0,E07000045,Teignbridge,,99901
E00102518,E04003208,Exminster,,0,E07000045,Teignbridge,,99902
E00102519,E04003208,Exminster,,0,E07000045,Teignbridge,,99903
E00102520,E04003208,Exminster,,0,E07000045,Teignbridge,,99904
E00102521,E04003208,Exminster,,0,E07000045,Teignbridge,,99905
E00102522,E04003208,Exminster,,0,E07000045,Teignbridge,,99906
E00102523,E04003208,Exminster,,0,E07000045,Teignbridge,,99907
E00102524,E04003208,Exminster,,0,E07000045,Teignbridge,,99908
E00102429,E04003210,Hennock,,0,E07000045,Teignbridge,,99909
E00102430,E04003210,Hennock,,0,E07000045,Teignbridge,,99910
E00102431,E04003210,Hennock,,0,E07000045,Teignbridge,,99911
E00102432,E04003210,Hennock,,0,E07000045,Teignbridge,,99912
E00102433,E04003210,Hennock,,0,E07000045,Teignbridge,,99913
E00102434,E04012122,Newton Abbot,,0,E07000045,Teignbridge,,99914
E00102435,E04012122,Newton Abbot,,0,E07000045,Teignbridge,,99915
E00102436,E04012122,Newton Abbot,,0,E07000045,Teignbridge,,99916
E00102437,E04012122,Newton Abbot,,0,E07000045,Teignbridge,,99917
E00102438,E04012122,Newton Abbot,,0,E07000045,Teignbridge,,99918
E00102439,E04012122,Newton Abbot,,0,E07000045,Teignbridge,,99919
E00102440,E04012122,Newton Abbot,,0,E07000045,Teignbridge,,99920
E00102441,E04012122,Newton Abbot,,0,E07000045,Teignbridge,,99921
E00102442,E04012122,Newton Abbot,,0,E07000045,Teignbridge,,99922
E00102443,E04012122,Newton Abbot,,0,E07000045,Teignbridge,,99923
E00102444,E04012122,Newton Abbot,,0,E07000045,Teignbridge,,99924
E00102445,E04012122,Newton Abbot,,0,E07000045,Teignbridge,,99925
E00102446,E04012122,Newton Abbot,,0,E07000045,Teignbridge,,99926
E00102447,E04012122,Newton Abbot,,0,E07000045,Teignbridge,,99927
E00102448,E04012122,Newton Abbot,,0,E07000045,Teignbridge,,99928
E00102449,E04012122,Newton Abbot,,0,E07000045,Teignbridge,,99929
E00102450,E04012122,Newton Abbot,,0,E07000045,Teignbridge,,99930
E00102451,E04003204,Dawlish,,0,E07000045,Teignbridge,,99931
E00102452,E04003204,Dawlish,,0,E07000045,Teignbridge,,99932
E00102453,E04003204,Dawlish,,0,E07000045,Teignbridge,,99933
E00102454,E04003204,Dawlish,,0,E07000045,Teignbridge,,99934
E00102455,E04003204,Dawlish,,0,E07000045,Teignbridge,,99935
E00102456,E04003204,Dawlish,,0,E07000045,Teignbridge,,99936
E00102457,E04003204,Dawlish,,0,E07000045,Teignbridge,,99937
E00102458,E04003204,Dawlish,,0,E07000045,Teignbridge,,99938
E00102459,E04003204,Dawlish,,0,E07000045,Teignbridge,,99939
E00102460,E04003204,Dawlish,,0,E07000045,Teignbridge,,99940
E00102461,E04003204,Dawlish,,0,E07000045,Teignbridge,,99941
E00102462,E04003204,Dawlish,,0,E07000045,Teignbridge,,99942
E00102463,E04003204,Dawlish,,0,E07000045,Teignbridge,,99943
E00102464,E04003204,Dawlish,,0,E07000045,Teignbridge,,99944
E00102465,E04003204,Dawlish,,0,E07000045,Teignbridge,,99945
E00102466,E04003204,Dawlish,,0,E07000045,Teignbridge,,99946
E00102467,E04003204,Dawlish,,0,E07000045,Teignbridge,,99947
E00102468,E04003204,Dawlish,,0,E07000045,Teignbridge,,99948
E00102469,E04003204,Dawlish,,0,E07000045,Teignbridge,,99949
E00102470,E04003204,Dawlish,,0,E07000045,Teignbridge,,99950
E00102471,E04003204,Dawlish,,0,E07000045,Teignbridge,,99951
E00102472,E04003204,Dawlish,,0,E07000045,Teignbridge,,99952
E00102473,E04003204,Dawlish,,0,E07000045,Teignbridge,,99953
E00102474,E04003204,Dawlish,,0,E07000045,Teignbridge,,99954
E00102676,E04003234,Teignmouth,,0,E07000045,Teignbridge,,100012
E00102626,E04003232,Tedburn St. Mary,,0,E07000045,Teignbridge,,100016
E00102677,E04003234,Teignmouth,,0,E07000045,Teignbridge,,100019
E00102627,E04003232,Tedburn St. Mary,,0,E07000045,Teignbridge,,100023
E00102678,E04003234,Teignmouth,,0,E07000045,Teignbridge,,100026
E00102628,E04003232,Tedburn St. Mary,,0,E07000045,Teignbridge,,100030
E00102679,E04003234,Teignmouth,,0,E07000045,Teignbridge,,100033
E00102629,E04003232,Tedburn St. Mary,,0,E07000045,Teignbridge,,100037
E00102680,E04003234,Teignmouth,,0,E07000045,Teignbridge,,100040
E00102630,E04003232,Tedburn St. Mary,,0,E07000045,Teignbridge,,100044
E00102681,E04003234,Teignmouth,,0,E07000045,Teignbridge,,100047
E00102631,E04003237,Whitestone,,0,E07000045,Teignbridge,,100051
E00102682,E04003234,Teignmouth,,0,E07000045,Teignbridge,,100054
E00102632,E04003237,Whitestone,,0,E07000045,Teignbridge,,100058
E00102683,E04003234,Teignmouth,,0,E07000045,Teignbridge,,100063
E00102633,E04003234,Teignmouth,,0,E07000045,Teignbridge,,100069
E00102634,E04003234,Teignmouth,,0,E07000045,Teignbridge,,100072
E00102684,E04003193,Ashton,,0,E07000045,Teignbridge,,100076
E00102635,E04003234,Teignmouth,,0,E07000045,Teignbridge,,100078
E00102685,E04003197,Bridford,,0,E07000045,Teignbridge,,100083
E00102636,E04003234,Teignmouth,,0,E07000045,Teignbridge,,100085
E00102686,E04003197,Bridford,,0,E07000045,Teignbridge,,100090
E00102637,E04003234,Teignmouth,,0,E07000045,Teignbridge,,100092
E00102687,E04003201,Christow,,0,E07000045,Teignbridge,,100097
E00102638,E04003234,Teignmouth,,0,E07000045,Teignbridge,,100099
E00102688,E04003201,Christow,,0,E07000045,Teignbridge,,100104
E00102639,E04003234,Teignmouth,,0,E07000045,Teignbridge,,100106
E00102689,E04003201,Christow,,0,E07000045,Teignbridge,,100111
E00102640,E04003234,Teignmouth,,0,E07000045,Teignbridge,,100113
E00102690,E04003205,Doddiscombsleigh,,0,E07000045,Teignbridge,,100118
E00102691,E04003207,Dunsford,,0,E07000045,Teignbridge,,100119
E00102692,E04003207,Dunsford,,0,E07000045,Teignbridge,,100120
E00102693,E04003236,Trusham,,0,E07000045,Teignbridge,,100121
E00102641,E04003234,Teignmouth,,0,E07000045,Teignbridge,,100158
E00102642,E04003234,Teignmouth,,0,E07000045,Teignbridge,,100165
E00102643,E04003234,Teignmouth,,0,E07000045,Teignbridge,,100172
E00102644,E04003234,Teignmouth,,0,E07000045,Teignbridge,,100238
E00102645,E04003234,Teignmouth,,0,E07000045,Teignbridge,,100242
E00102646,E04003234,Teignmouth,,0,E07000045,Teignbridge,,100248
E00102647,E04003234,Teignmouth,,0,E07000045,Teignbridge,,100254
E00102648,E04003234,Teignmouth,,0,E07000045,Teignbridge,,100260
E00102649,E04003234,Teignmouth,,0,E07000045,Teignbridge,,100266
E00102650,E04003234,Teignmouth,,0,E07000045,Teignbridge,,100267
E00102651,E04003234,Teignmouth,,0,E07000045,Teignbridge,,100268
E00102652,E04003234,Teignmouth,,0,E07000045,Teignbridge,,100269
E00102653,E04003234,Teignmouth,,0,E07000045,Teignbridge,,100270
E00102654,E04003234,Teignmouth,,0,E07000045,Teignbridge,,100271
E00102655,E04003234,Teignmouth,,0,E07000045,Teignbridge,,100272
E00102656,E04003234,Teignmouth,,0,E07000045,Teignbridge,,100273
E00102657,E04003234,Teignmouth,,0,E07000045,Teignbridge,,100274
E00102658,E04003234,Teignmouth,,0,E07000045,Teignbridge,,100275
E00102659,E04003234,Teignmouth,,0,E07000045,Teignbridge,,100276
E00102660,E04003234,Teignmouth,,0,E07000045,Teignbridge,,100277
E00102661,E04003234,Teignmouth,,0,E07000045,Teignbridge,,100278
E00102662,E04003234,Teignmouth,,0,E07000045,Teignbridge,,100279
E00102663,E04003234,Teignmouth,,0,E07000045,Teignbridge,,100280
E00102664,E04003234,Teignmouth,,0,E07000045,Teignbridge,,100281
E00102665,E04003234,Teignmouth,,0,E07000045,Teignbridge,,100282
E00102666,E04003234,Teignmouth,,0,E07000045,Teignbridge,,100283
E00102667,E04003234,Teignmouth,,0,E07000045,Teignbridge,,100284
E00102668,E04003234,Teignmouth,,0,E07000045,Teignbridge,,100285
E00102669,E04003234,Teignmouth,,0,E07000045,Teignbridge,,100286
E00102670,E04003234,Teignmouth,,0,E07000045,Teignbridge,,100287
E00102671,E04003234,Teignmouth,,0,E07000045,Teignbridge,,100288
E00102672,E04003234,Teignmouth,,0,E07000045,Teignbridge,,100289
E00102673,E04003234,Teignmouth,,0,E07000045,Teignbridge,,100290
E00102674,E04003234,Teignmouth,,0,E07000045,Teignbridge,,100291
E00102675,E04003234,Teignmouth,,0,E07000045,Teignbridge,,100292
E00165897,E04012122,Newton Abbot,,0,E07000045,Teignbridge,,162431
E00165898,E04003202,Chudleigh,,0,E07000045,Teignbridge,,162461
E00165899,E04003202,Chudleigh,,0,E07000045,Teignbridge,,162466
E00165900,E04003226,Ogwell,,0,E07000045,Teignbridge,,162471
E00165901,E04003226,Ogwell,,0,E07000045,Teignbridge,,162476
E00165902,E04003233,Teigngrace,,0,E07000045,Teignbridge,,162481
E00165895,E04012122,Newton Abbot,,0,E07000045,Teignbridge,,162651
E00165896,E04012122,Newton Abbot,,0,E07000045,Teignbridge,,162652
